ABOD	phenotype_decimal	frequencies
O-	0	0.11842
O+	1	0.36225
B-	2	0.02071
B+	3	0.08141
A-	4	0.08092
A+	5	0.3068
AB-	6	0.00715
AB+	7	0.02234
